Industry Name,Industry Number,Region,Region Number,Number of Firms,CEO Holding,Total Dividends($), Market Cap($) ,ROE,CAGR in Net Income- Last 5 years,Reinvestment Rate, Total Taxable Income($) ,Effective Tax Rates (Average across all companies),Capital Expenditures($),Net R&D($)
Advertising,1,US,1,61,4.88%,"1,004.62","37,043.59",2.93%,-0.96%,-31.67%,"2,165.31",3.35%,558.76,-9.56
Aerospace/Defense,2,US,1,72,2.57%,"11,609.14","621,095.05",8.54%,6.69%,36.93%,"23,354.79",7.37%,"10,697.17","1,269.24"
Air Transport,3,US,1,17,3.20%,"1,184.41","97,074.29",-47.03%,17.40%,NA,256.80,6.00%,"12,218.81",13.60
Apparel,4,US,1,51,7.58%,"1,705.15","94,360.52",-8.19%,-2.26%,-146.72%,"1,140.50",4.75%,"1,480.83",-6.69
Auto & Truck,5,US,1,19,8.75%,"2,628.30","787,476.54",4.49%,-3.42%,184.40%,"6,116.10",7.86%,"29,748.70",-757.27
Auto Parts,6,US,1,52,3.81%,569.61,"104,907.93",-14.31%,-1.74%,30.07%,"2,174.01",7.35%,"2,831.59",-242.66
Bank (Money Center),7,US,1,7,0.07%,"30,567.25","972,991.00",7.41%,-5.48%,NA,"73,171.65",16.16%,"3,279.95",0.00
Banks (Regional),8,US,1,598,1.74%,"17,984.63","636,597.74",8.22%,13.01%,NA,"50,891.06",16.42%,"7,440.57",0.00
Beverage (Alcoholic),9,US,1,23,2.80%,"1,162.41","102,167.68",10.10%,7.27%,24.11%,"3,087.30",5.33%,"1,492.23",0.00
Beverage (Soft),10,US,1,41,5.79%,"13,268.37","547,731.57",28.86%,12.74%,37.01%,"22,384.19",3.32%,"6,867.66",19.15
Broadcasting,11,US,1,29,7.57%,"1,227.16","77,567.15",0.24%,8.50%,111.06%,"8,005.87",9.26%,"2,075.75",-0.08
Brokerage & Investment Banking,12,US,1,39,6.34%,"4,835.84","373,798.51",12.08%,15.85%,NA,"32,062.38",9.75%,"9,564.71",2.18
Building Materials,13,US,1,42,0.83%,966.54,"149,217.43",20.54%,12.50%,-2.46%,"7,074.70",15.15%,"2,171.76",16.06
Business & Consumer Services,14,US,1,169,6.45%,"2,083.11","322,045.63",6.81%,6.27%,-11.51%,"8,911.04",7.43%,"4,018.11",67.14
Cable TV,15,US,1,13,0.72%,"4,331.40","505,147.69",11.47%,13.14%,-15.01%,"22,490.70",18.97%,"21,282.89",12.60
Chemical (Basic),16,US,1,48,9.23%,"4,216.18","103,899.37",-1.82%,6.74%,18.24%,"2,685.57",2.98%,"6,251.79",-22.32
Chemical (Diversified),17,US,1,5,1.56%,661.00,"23,344.50",13.25%,36.25%,-68.79%,561.00,1.25%,"1,006.00",-11.44
Chemical (Specialty),18,US,1,97,1.34%,"6,095.00","461,441.34",2.50%,2.65%,10.49%,"14,001.23",6.43%,"10,758.91",-125.80
Coal & Related Energy,19,US,1,29,5.22%,291.95,"5,755.37",-41.66%,5.04%,NA,79.40,0.00%,"1,016.60",-12.10
Computer Services,20,US,1,116,9.46%,"7,577.51","308,582.73",13.50%,10.48%,-16.58%,"15,782.55",5.55%,"5,005.57",398.29
Computers/Peripherals,21,US,1,52,3.45%,"16,794.66","2,423,136.95",50.53%,7.68%,-0.24%,"74,297.75",3.71%,"13,618.16","2,220.77"
Construction Supplies,22,US,1,46,5.11%,"4,310.85","265,765.31",13.20%,7.57%,-8.26%,"12,587.47",10.79%,"7,696.15",-266.57
Diversified,23,US,1,29,5.03%,"7,376.20","966,912.22",10.62%,6.42%,20.49%,"68,454.80",6.52%,"21,471.00",8.06
Drugs (Biotechnology),24,US,1,547,3.07%,"14,285.00","1,244,611.67",-1.19%,12.16%,721.55%,"34,554.30",0.52%,"5,482.68","5,467.44"
Drugs (Pharmaceutical),25,US,1,287,4.87%,"23,905.17","1,367,318.28",18.98%,11.69%,48.92%,"57,857.30",1.88%,"13,944.37","3,722.14"
Education,26,US,1,38,3.64%,84.90,"39,800.68",-5.66%,13.21%,61.41%,"1,322.42",4.02%,622.06,17.52
Electrical Equipment,27,US,1,122,6.04%,"2,267.16","227,433.22",17.67%,1.57%,36.52%,"7,646.99",4.44%,"2,584.47",12.62
Electronics (Consumer & Office),28,US,1,22,5.00%,0.00,"5,868.62",-4.89%,3.08%,-112.45%,85.90,1.05%,72.28,23.15
Electronics (General),29,US,1,157,5.34%,"1,559.07","257,223.74",6.67%,0.18%,59.96%,"6,483.84",6.11%,"4,520.53",357.01
Engineering/Construction,30,US,1,61,6.45%,479.20,"92,680.32",2.54%,18.04%,283.75%,"3,514.86",9.31%,"2,053.49",-2.93
Entertainment,31,US,1,118,6.87%,"3,229.24","824,069.15",-2.87%,33.10%,16.68%,"7,664.58",0.53%,"6,843.89",698.56
Environmental & Waste Services,32,US,1,86,5.49%,"1,955.74","159,488.36",6.21%,8.97%,22.50%,"4,229.22",2.69%,"4,389.80",1.36
Farming/Agriculture,33,US,1,32,5.81%,"2,396.13","157,024.80",14.03%,8.74%,38.73%,"8,065.30",6.45%,"4,949.45",-97.78
Financial Svcs. (Non-bank & Insurance),34,US,1,235,3.13%,"11,238.49","763,548.02",64.28%,13.06%,122.62%,"69,267.98",12.91%,"16,358.41",68.29
Food Processing,35,US,1,101,7.35%,"9,542.67","419,578.14",10.12%,2.15%,15.12%,"20,661.94",8.56%,"7,877.15",3.21
Food Wholesalers,36,US,1,18,8.25%,935.40,"55,272.89",-5.03%,-0.35%,87.56%,184.40,0.52%,"1,466.43",-0.25
Furn/Home Furnishings,37,US,1,40,8.68%,579.58,"49,646.11",13.37%,-0.77%,-26.83%,"2,835.30",4.79%,"1,263.48",5.23
Green & Renewable Energy,38,US,1,25,8.55%,"1,042.50","31,933.54",-20.59%,-5.67%,110.11%,164.52,1.74%,"1,401.05",1.57
Healthcare Products,39,US,1,265,4.00%,"5,920.83","1,250,800.18",10.55%,13.26%,113.46%,"20,409.56",2.57%,"9,284.85",-353.26
Healthcare Support Services,40,US,1,129,7.33%,"11,192.24","919,581.00",16.60%,15.46%,19.57%,"67,134.02",5.65%,"12,302.42",112.04
Heathcare Information and Technology,41,US,1,139,3.91%,"1,184.72","717,648.57",14.11%,15.88%,10.28%,"17,528.60",4.16%,"4,045.73",527.09
Homebuilding,42,US,1,30,7.99%,806.85,"121,040.74",17.70%,20.52%,-10.15%,"13,419.67",15.91%,865.66,0.00
Hospitals/Healthcare Facilities,43,US,1,32,1.70%,486.04,"100,806.98",70.64%,2.19%,-26.10%,"7,648.09",8.16%,"7,132.43",2.41
Hotel/Gaming,44,US,1,66,6.11%,"4,006.64","399,597.71",-30.40%,-11.16%,NA,"2,058.60",2.02%,"13,356.09",543.48
Household Products,45,US,1,140,12.76%,"12,825.92","665,902.87",31.60%,17.15%,-2.57%,"29,221.23",5.06%,"6,562.82",3.31
Information Services,46,US,1,77,7.13%,"8,851.72","1,722,654.89",14.35%,7.87%,-7.08%,"37,475.70",9.75%,"5,327.40",148.71
Insurance (General),47,US,1,21,1.60%,"3,410.86","184,254.75",1.49%,7.53%,-44.47%,"8,498.43",12.61%,959.05,30.27
Insurance (Life),48,US,1,26,1.29%,"5,604.86","166,674.96",5.61%,2.23%,2.64%,"18,192.03",15.12%,366.86,0.00
Insurance (Prop/Cas.),49,US,1,55,2.73%,"5,769.16","276,321.04",9.19%,8.63%,13.47%,"23,206.35",10.86%,"2,393.65",0.00
Investments & Asset Management,50,US,1,348,11.56%,"11,561.52","510,840.03",12.35%,0.50%,46.23%,"31,567.05",4.64%,"3,279.01",51.30
Machinery,51,US,1,125,3.30%,"4,716.55","422,335.84",12.65%,2.63%,20.62%,"14,889.69",8.81%,"3,847.31",-71.57
Metals & Mining,52,US,1,86,11.24%,"1,378.46","109,828.92",2.67%,-5.92%,-7.46%,"3,261.80",1.70%,"3,829.14",-8.34
Office Equipment & Services,53,US,1,22,3.26%,323.70,"15,432.41",6.36%,-4.71%,-10.66%,589.09,13.20%,509.30,-11.88
Oil/Gas (Integrated),54,US,1,3,0.02%,"25,769.92","353,000.60",-6.19%,-30.10%,NA,"4,144.00",8.54%,"35,511.00",58.00
Oil/Gas (Production and Exploration),55,US,1,278,6.77%,"5,877.24","221,949.95",-37.09%,-22.26%,NA,"1,292.69",0.68%,"48,770.14",-2.95
Oil/Gas Distribution,56,US,1,57,3.12%,"25,204.45","257,833.37",1.28%,5.44%,36.48%,"15,388.87",4.55%,"32,473.93",-0.20
Oilfield Svcs/Equip.,57,US,1,135,4.05%,"9,148.14","195,816.63",-26.63%,4.74%,-39.83%,"5,221.19",1.19%,"18,098.85",-86.58
Packaging & Container,58,US,1,26,0.86%,"2,504.20","148,538.93",9.76%,16.02%,22.77%,"6,764.70",15.67%,"6,900.60",56.57
Paper/Forest Products,59,US,1,15,0.29%,359.50,"9,919.81",4.69%,11.70%,-27.91%,460.06,5.94%,518.80,1.46
Power,60,US,1,55,2.31%,"21,765.11","702,547.15",7.69%,11.22%,119.53%,"29,869.16",9.91%,"99,131.36",-2.73
Precious Metals,61,US,1,93,7.88%,708.32,"65,249.43",8.27%,-5.15%,-44.22%,"3,330.94",1.08%,"1,826.94",-0.70
Publishing & Newspapers,62,US,1,29,1.76%,495.49,"30,206.51",-14.18%,18.73%,-4.91%,431.91,5.76%,980.40,-10.69
R.E.I.T.,63,US,1,238,1.63%,"48,876.97","1,262,844.50",2.17%,12.16%,-75.13%,"31,821.40",1.26%,"5,471.46",0.28
Real Estate (Development),64,US,1,25,23.31%,0.03,"6,012.41",-0.13%,0.00%,NA,90.20,2.84%,587.21,0.17
Real Estate (General/Diversified),65,US,1,11,1.18%,24.80,"4,457.11",2.00%,18.97%,497.44%,150.00,7.34%,18.44,0.00
Real Estate (Operations & Services),66,US,1,61,14.81%,344.26,"68,131.00",4.71%,-7.67%,-93.68%,"2,112.43",4.38%,702.06,29.08
Recreation,67,US,1,69,8.38%,"1,042.23","121,614.50",-7.19%,4.24%,206.78%,"1,776.49",5.78%,"1,756.22",22.65
Reinsurance,68,US,1,2,0.27%,178.00,"16,513.90",2.42%,-0.46%,-17.14%,692.00,12.57%,66.50,0.00
Restaurant/Dining,69,US,1,79,4.92%,"7,071.93","440,835.04",NA,-3.93%,48.72%,"9,948.74",3.19%,"6,328.42",-0.84
Retail (Automotive),70,US,1,30,3.27%,241.00,"144,407.04",36.28%,5.81%,-23.16%,"9,321.40",11.65%,"3,048.20",0.60
Retail (Building Supply),71,US,1,15,1.40%,"8,226.40","441,067.33",0.27%,11.71%,-26.45%,"24,939.51",13.48%,"4,962.89",3.58
Retail (Distributors),72,US,1,85,7.90%,"2,290.69","169,532.80",9.67%,10.79%,63.11%,"7,816.58",12.21%,"5,874.58",2.69
Retail (General),73,US,1,17,0.91%,"9,631.73","771,264.98",20.64%,20.83%,-42.80%,"43,691.20",12.48%,"19,156.40",-20.62
Retail (Grocery and Food),74,US,1,14,7.41%,641.47,"48,064.88",30.63%,10.56%,-14.72%,"6,493.90",13.52%,"5,191.50",0.00
Retail (Online),75,US,1,75,9.47%,"1,214.00","1,958,174.66",27.05%,26.96%,55.37%,"26,989.40",2.93%,"33,485.23","4,521.23"
Retail (Special Lines),76,US,1,85,3.85%,"4,493.09","330,475.44",-0.64%,2.38%,-179.34%,"8,836.34",8.06%,"7,265.39",45.89
Rubber& Tires,77,US,1,3,3.98%,95.10,"4,586.06",-25.69%,-7.92%,NA,189.27,5.30%,839.54,4.77
Semiconductor,78,US,1,70,1.83%,"20,012.45","1,555,904.54",22.13%,10.05%,79.83%,"53,072.19",6.41%,"29,603.99","1,622.69"
Semiconductor Equip,79,US,1,40,2.03%,"2,233.34","282,762.43",32.23%,19.32%,28.59%,"11,182.32",7.38%,"2,085.15",447.09
Shipbuilding & Marine,80,US,1,11,10.17%,71.78,"7,108.74",-5.70%,-7.16%,124.48%,170.55,2.30%,616.90,0.00
Shoe,81,US,1,11,1.07%,"1,649.52","245,774.48",23.70%,-2.95%,-30.66%,"4,020.70",6.63%,379.52,1.04
Software (Entertainment),82,US,1,101,6.77%,147.80,"2,246,029.50",17.71%,9.33%,67.80%,"70,091.40",0.58%,"38,860.13","5,472.87"
Software (Internet),83,US,1,36,6.19%,14.00,"264,399.38",-11.23%,15.10%,217.24%,"1,458.08",3.30%,"1,406.53",352.71
Software (System & Application),84,US,1,388,6.53%,"20,728.83","4,026,925.39",28.09%,15.34%,33.69%,"88,491.86",2.77%,"24,029.65","5,780.64"
Steel,85,US,1,32,0.88%,"1,174.97","55,407.94",-2.84%,22.85%,28.49%,"3,121.09",6.01%,"5,503.07",2.33
Telecom (Wireless),86,US,1,16,7.75%,99.96,"175,997.26",8.91%,16.21%,168.20%,"4,281.20",3.57%,"10,986.22",166.50
Telecom. Equipment,87,US,1,96,5.05%,"6,873.16","324,063.68",17.10%,23.07%,11.71%,"16,824.61",3.85%,"2,901.40",-51.65
Telecom. Services,88,US,1,58,4.50%,"15,148.95","482,192.64",11.27%,21.45%,-2.19%,"39,243.06",3.93%,"43,258.30",37.36
Tobacco,89,US,1,15,4.07%,"13,806.43","209,420.78",-0.23%,-9.18%,0.69%,"13,951.32",8.69%,959.09,-3.46
Transportation,90,US,1,21,8.65%,"4,475.70","262,720.24",22.77%,4.76%,68.34%,"10,805.20",10.56%,"12,239.85",1.14
Transportation (Railroads),91,US,1,6,0.06%,"4,404.10","289,175.22",21.47%,3.71%,12.83%,"13,964.80",15.58%,"7,004.20",0.00
Trucking,92,US,1,35,2.29%,480.32,"187,610.07",-17.70%,2.85%,NA,"3,551.39",9.70%,-694.66,"-2,182.56"
Utility (General),93,US,1,16,0.10%,"10,447.20","289,495.40",7.49%,12.80%,110.40%,"14,406.20",9.74%,"37,541.90",0.00
Utility (Water),94,US,1,17,1.69%,768.22,"50,225.24",8.25%,2.27%,394.54%,"1,473.65",10.79%,"3,370.67",-0.80
Total Market,95,US,1,7582,4.79%,"572,732.40","41,995,781.21",8.25%,9.58%,33.16%,"1,563,256.88",5.76%,"889,462.90","30,090.96"
Total Market (without financials),96,US,1,6253,4.81%,"481,759.79","38,110,755.17",7.78%,9.65%,29.40%,"1,256,399.94",4.39%,"845,820.67","29,938.92"
Advertising,1,Europe,2,82,6.76%,"1,596.13","64,041.26",-8.69%,2.38%,NA,"1,466.17",10.81%,"1,471.32",-6.57
Aerospace/Defense,2,Europe,2,51,4.62%,"1,307.42","264,882.59",-16.74%,15.96%,196.09%,"7,282.97",10.77%,"7,330.52",984.50
Air Transport,3,Europe,2,39,6.03%,"2,392.59","137,591.54",-42.85%,-4.25%,NA,"1,266.42",4.31%,"16,345.22",10.06
Apparel,4,Europe,2,124,9.33%,"7,266.38","909,636.47",5.85%,4.50%,42.75%,"23,358.96",12.62%,"12,741.69",290.16
Auto & Truck,5,Europe,2,27,2.35%,"5,946.51","380,328.40",1.22%,1.78%,61.76%,"23,346.34",17.20%,"42,533.23",759.07
Auto Parts,6,Europe,2,57,2.38%,"2,079.62","142,593.58",-8.49%,-1.01%,54.33%,"3,061.24",11.47%,"9,977.23",812.55
Bank (Money Center),7,Europe,2,124,0.97%,"11,182.81","999,508.27",2.99%,4.94%,NA,"96,087.65",19.90%,"8,022.28",0.00
Banks (Regional),8,Europe,2,68,0.30%,"1,641.23","55,740.91",3.94%,3.70%,899394.98%,"4,883.73",20.59%,469.02,0.00
Beverage (Alcoholic),9,Europe,2,50,10.50%,"7,751.00","434,255.98",3.38%,-3.39%,-3.10%,"9,838.92",17.20%,"7,183.27",2.05
Beverage (Soft),10,Europe,2,16,3.82%,717.82,"46,042.58",13.72%,14.83%,10.13%,"2,357.30",19.82%,"1,243.01",-3.35
Broadcasting,11,Europe,2,25,6.29%,377.23,"32,757.07",17.35%,0.66%,-10.24%,"3,396.38",14.31%,928.66,5.19
Brokerage & Investment Banking,12,Europe,2,68,13.67%,"4,547.30","35,777.26",25.67%,31.78%,-177.94%,"2,943.49",14.18%,85.80,24.96
Building Materials,13,Europe,2,87,7.11%,"2,833.28","228,857.60",8.45%,11.18%,28.14%,"9,250.72",14.74%,"4,459.68",34.35
Business & Consumer Services,14,Europe,2,216,8.36%,"5,721.93","344,508.34",9.53%,3.43%,-6.05%,"11,926.06",16.82%,"5,089.86",62.09
Cable TV,15,Europe,2,6,0.00%,654.40,"28,649.50",15.04%,2.03%,-53.15%,"2,224.00",15.99%,"1,349.20",16.56
Chemical (Basic),16,Europe,2,54,10.28%,394.10,"27,071.77",0.43%,23.00%,41.60%,914.00,14.04%,"1,539.43",11.78
Chemical (Diversified),17,Europe,2,7,0.22%,"4,568.80","104,881.40",-2.73%,13.35%,-28.91%,"2,215.30",15.64%,"6,376.90",94.22
Chemical (Specialty),18,Europe,2,97,2.36%,"8,234.25","539,186.96",5.65%,9.34%,35.99%,"16,857.87",11.64%,"15,139.58",105.87
Coal & Related Energy,19,Europe,2,16,8.00%,18.62,"2,044.29",1.67%,16.03%,57.97%,76.38,3.57%,145.77,-0.25
Computer Services,20,Europe,2,205,13.85%,"2,994.30","302,231.49",18.62%,12.72%,34.63%,"13,018.60",17.97%,"2,109.64",179.50
Computers/Peripherals,21,Europe,2,36,8.74%,874.45,"37,327.69",22.58%,12.64%,36.07%,"1,750.53",11.16%,703.07,25.65
Construction Supplies,22,Europe,2,112,5.96%,"5,784.70","311,022.57",4.71%,10.87%,-23.56%,"14,400.75",14.63%,"11,075.31",100.30
Diversified,23,Europe,2,65,6.81%,"7,417.83","370,068.87",10.20%,7.12%,46.52%,"30,852.34",13.33%,"19,548.43",-61.97
Drugs (Biotechnology),24,Europe,2,222,3.77%,82.83,"207,092.59",-19.17%,32.02%,NA,"3,284.00",1.47%,969.02,"1,355.39"
Drugs (Pharmaceutical),25,Europe,2,120,3.57%,"37,377.19","1,312,896.39",14.95%,10.03%,31.80%,"70,435.35",7.03%,"14,422.05","6,440.53"
Education,26,Europe,2,13,3.81%,40.47,"2,448.14",11.24%,27.90%,-25.51%,110.51,6.82%,0.81,-0.60
Electrical Equipment,27,Europe,2,136,8.18%,"5,772.78","408,787.79",7.36%,7.63%,-24.17%,"9,930.12",8.58%,"6,807.85",444.65
Electronics (Consumer & Office),28,Europe,2,19,8.50%,452.90,"28,894.61",12.41%,-0.63%,9.69%,"1,220.60",10.81%,279.36,80.78
Electronics (General),29,Europe,2,152,5.84%,"1,603.80","139,010.07",4.85%,0.89%,58.23%,"3,143.97",9.92%,"1,904.74",111.24
Engineering/Construction,30,Europe,2,142,8.56%,"4,450.52","199,524.88",4.39%,7.58%,-62.25%,"11,491.99",15.00%,"9,535.58",-95.05
Entertainment,31,Europe,2,172,13.94%,"1,365.73","186,592.91",-1.71%,7.22%,10.16%,"5,083.27",6.69%,"2,357.79",256.48
Environmental & Waste Services,32,Europe,2,50,9.90%,200.69,"35,621.32",5.14%,13.32%,46.40%,985.93,12.22%,877.65,10.88
Farming/Agriculture,33,Europe,2,50,6.05%,343.43,"33,606.97",1.64%,6.94%,-120.84%,"1,258.59",12.53%,"2,552.13",-88.71
Financial Svcs. (Non-bank & Insurance),34,Europe,2,130,10.02%,"7,773.25","264,606.25",7.07%,5.88%,56.26%,"37,108.62",13.53%,"5,278.13",14.11
Food Processing,35,Europe,2,154,7.68%,"11,362.94","609,186.80",14.95%,7.33%,24.36%,"31,696.26",12.99%,"12,201.24",29.29
Food Wholesalers,36,Europe,2,13,11.78%,64.48,"4,363.73",-21.50%,4.94%,25.51%,178.28,16.24%,"1,364.82",0.00
Furn/Home Furnishings,37,Europe,2,47,9.71%,454.03,"45,869.99",13.79%,11.61%,-6.09%,"2,770.58",17.49%,"1,634.63",76.50
Green & Renewable Energy,38,Europe,2,49,7.58%,468.18,"65,643.20",7.38%,16.48%,199.77%,"1,493.78",14.01%,"4,011.38",4.48
Healthcare Products,39,Europe,2,194,4.65%,"5,635.97","586,177.32",7.46%,11.71%,40.81%,"13,225.73",7.18%,"5,049.14",577.83
Healthcare Support Services,40,Europe,2,45,9.38%,"1,200.81","86,059.99",11.69%,12.58%,1.12%,"8,004.07",18.74%,"4,547.78",145.97
Heathcare Information and Technology,41,Europe,2,100,7.68%,628.43,"172,485.01",13.66%,14.70%,79.21%,"3,300.38",7.48%,"2,195.74",99.52
Homebuilding,42,Europe,2,45,5.20%,"1,513.85","65,714.28",9.82%,5.63%,75.95%,"4,317.87",15.80%,151.82,-0.42
Hospitals/Healthcare Facilities,43,Europe,2,31,4.09%,230.30,"26,190.20",0.40%,9.20%,-44.70%,792.99,17.84%,"1,651.13",2.12
Hotel/Gaming,44,Europe,2,100,5.79%,"1,625.29","149,466.43",-19.30%,12.87%,NA,"1,707.75",7.71%,"3,749.93",163.42
Household Products,45,Europe,2,70,9.40%,"8,241.60","545,529.30",11.04%,3.74%,41.87%,"21,002.98",13.08%,"5,149.05",65.34
Information Services,46,Europe,2,35,3.79%,417.23,"164,010.88",3.19%,12.16%,3.13%,"1,500.16",10.39%,383.35,-206.71
Insurance (General),47,Europe,2,41,2.98%,"11,268.85","459,269.01",8.81%,1.99%,-12.89%,"47,207.41",19.24%,"4,155.81",0.00
Insurance (Life),48,Europe,2,18,2.31%,"4,875.69","149,219.70",6.12%,2.36%,13.39%,"15,147.28",19.85%,"1,031.67",0.00
Insurance (Prop/Cas.),49,Europe,2,16,0.30%,"2,332.29","114,492.90",6.49%,1.45%,-0.39%,"5,794.05",16.44%,74.01,0.00
Investments & Asset Management,50,Europe,2,330,9.95%,"5,962.01","258,294.77",5.73%,17.99%,-0.99%,"12,571.62",7.79%,"1,106.18",2.84
Machinery,51,Europe,2,220,5.53%,"5,276.06","384,734.91",11.21%,-0.85%,-8.84%,"13,561.49",14.63%,"5,276.70",369.58
Metals & Mining,52,Europe,2,105,5.67%,"9,529.79","292,778.69",3.66%,4.62%,97.20%,"19,784.70",6.56%,"23,036.09",12.42
Office Equipment & Services,53,Europe,2,27,18.44%,140.17,"4,922.44",3.55%,12.19%,-78.40%,301.65,11.76%,72.37,10.44
Oil/Gas (Integrated),54,Europe,2,14,0.03%,"30,226.99","463,351.69",-11.79%,-13.33%,-277.99%,"2,542.15",14.33%,"67,317.40",17.04
Oil/Gas (Production and Exploration),55,Europe,2,113,3.54%,"1,051.25","33,437.19",-34.22%,-5.33%,NA,"2,205.43",5.35%,"6,458.95",203.24
Oil/Gas Distribution,56,Europe,2,28,6.56%,934.41,"18,796.81",12.77%,5.28%,-8.04%,"2,512.03",5.53%,"2,071.36",2.68
Oilfield Svcs/Equip.,57,Europe,2,69,1.96%,"2,133.15","113,441.24",-16.13%,20.36%,-1.27%,"3,986.01",3.57%,"6,513.37",38.91
Packaging & Container,58,Europe,2,48,10.76%,"2,054.12","82,760.77",19.44%,17.59%,3.97%,"3,900.52",14.62%,"3,680.04",18.86
Paper/Forest Products,59,Europe,2,37,2.23%,"1,665.09","81,921.54",14.67%,29.35%,-19.46%,"7,324.06",13.97%,"4,036.33",10.36
Power,60,Europe,2,71,5.30%,"20,665.74","646,382.02",8.04%,10.44%,45.19%,"42,230.18",15.74%,"58,014.25",73.72
Precious Metals,61,Europe,2,59,1.44%,495.11,"30,915.88",12.71%,21.30%,48.33%,"2,373.61",10.77%,"1,590.32",3.72
Publishing & Newspapers,62,Europe,2,82,5.52%,694.55,"41,525.59",0.57%,7.86%,-52.01%,"1,494.44",11.02%,623.50,3.25
R.E.I.T.,63,Europe,2,171,2.00%,"7,689.85","206,702.94",-2.78%,14.69%,55.52%,"10,692.02",1.62%,"2,069.06",-0.09
Real Estate (Development),64,Europe,2,65,17.58%,583.93,"19,465.68",2.80%,7.47%,114.77%,"1,379.70",10.99%,220.04,-0.18
Real Estate (General/Diversified),65,Europe,2,58,11.15%,432.65,"19,685.55",6.10%,3.66%,121.78%,"1,534.96",12.01%,171.96,0.00
Real Estate (Operations & Services),66,Europe,2,237,6.29%,"5,310.01","292,667.81",10.57%,19.94%,59.48%,"30,905.02",13.67%,"1,188.73",0.20
Recreation,67,Europe,2,58,6.41%,389.51,"25,159.51",5.72%,5.24%,-10.08%,828.48,14.78%,"1,014.20",17.84
Reinsurance,68,Europe,2,4,0.29%,"3,907.15","93,110.50",1.65%,-14.60%,-6.15%,"3,433.20",15.74%,156.20,0.00
Restaurant/Dining,69,Europe,2,40,5.74%,"1,228.76","64,180.51",-14.79%,-21.68%,-83.14%,381.44,3.91%,"2,420.87",-0.01
Retail (Automotive),70,Europe,2,22,10.05%,70.07,"8,326.67",9.40%,-1.68%,-11.91%,673.82,12.95%,711.94,0.16
Retail (Building Supply),71,Europe,2,19,6.53%,377.58,"17,811.49",7.03%,7.08%,-83.12%,"1,497.80",20.17%,821.81,-2.34
Retail (Distributors),72,Europe,2,113,11.35%,"1,922.85","154,694.30",6.55%,17.46%,-1.03%,"6,239.67",18.09%,"4,067.49",4.07
Retail (General),73,Europe,2,18,0.27%,"1,012.43","46,390.37",9.81%,6.39%,-26.58%,"2,535.41",9.30%,"3,957.83",-0.50
Retail (Grocery and Food),74,Europe,2,30,6.68%,"4,591.93","150,270.24",5.77%,0.16%,48.97%,"9,379.22",19.20%,"11,901.86",0.37
Retail (Online),75,Europe,2,87,8.33%,371.20,"398,457.62",3.90%,8.60%,NA,"5,856.28",8.97%,"1,608.50",81.97
Retail (Special Lines),76,Europe,2,67,18.28%,"1,268.58","196,477.30",1.50%,-4.45%,-199.61%,"4,503.44",10.52%,"2,508.73",42.54
Rubber& Tires,77,Europe,2,8,0.21%,558.23,"35,149.90",5.35%,4.37%,-14.22%,"1,585.59",14.17%,"2,461.13",-8.39
Semiconductor,78,Europe,2,37,3.51%,"1,077.76","155,117.33",3.05%,-11.03%,511.89%,"1,290.82",4.88%,"3,092.26",592.12
Semiconductor Equip,79,Europe,2,19,1.47%,"1,537.08","227,097.90",24.63%,14.40%,13.17%,"5,363.42",11.29%,"1,577.35",355.10
Shipbuilding & Marine,80,Europe,2,68,8.49%,"1,555.22","109,226.19",4.19%,-5.88%,-80.10%,"5,173.81",9.10%,"5,159.55",8.96
Shoe,81,Europe,2,7,0.04%,5.76,"19,603.51",-7.37%,-13.25%,NA,184.32,12.56%,155.30,7.72
Software (Entertainment),82,Europe,2,53,6.61%,206.96,"72,945.35",30.75%,27.22%,50.72%,"1,289.13",10.72%,516.15,40.14
Software (Internet),83,Europe,2,28,15.99%,38.09,"2,251.28",7.48%,8.87%,201.58%,59.86,11.37%,40.59,2.50
Software (System & Application),84,Europe,2,310,10.73%,"3,558.65","366,017.30",10.21%,10.40%,76.64%,"11,601.28",9.58%,"1,688.47","1,256.83"
Steel,85,Europe,2,57,4.86%,"1,752.47","87,713.90",7.04%,12.31%,NA,"3,197.35",11.03%,"9,343.15",204.83
Telecom (Wireless),86,Europe,2,13,0.06%,"4,046.21","78,168.66",5.16%,2.90%,-48.78%,"6,676.38",21.54%,"10,227.18",0.65
Telecom. Equipment,87,Europe,2,56,11.08%,217.91,"70,566.36",9.96%,7.14%,-62.26%,"4,112.25",10.84%,"1,340.42",39.65
Telecom. Services,88,Europe,2,78,12.82%,"15,776.65","396,263.51",8.30%,12.69%,-44.98%,"32,070.63",13.96%,"61,446.93",73.77
Tobacco,89,Europe,2,6,5.43%,"8,397.50","121,106.80",11.75%,5.03%,-11.65%,"14,643.00",23.56%,"1,269.73",50.26
Transportation,90,Europe,2,36,9.00%,"2,404.29","153,121.25",4.15%,-3.28%,-83.31%,"8,193.26",23.52%,"4,775.41",69.02
Transportation (Railroads),91,Europe,2,6,0.21%,39.66,"2,126.80",-2.39%,-10.12%,-30.26%,53.47,17.14%,511.60,0.00
Trucking,92,Europe,2,27,6.17%,119.32,"18,802.08",-0.55%,3.74%,-217.51%,"1,013.64",14.73%,"1,090.42",0.60
Utility (General),93,Europe,2,19,0.10%,"6,532.91","199,477.50",2.83%,5.14%,53.47%,"10,740.95",23.40%,"24,956.51",-1.31
Utility (Water),94,Europe,2,10,0.05%,977.89,"22,586.79",3.73%,6.67%,93.04%,"1,025.03",30.49%,"2,076.85",3.64
Total Market,95,Europe,2,6830,7.41%,"354,873.93","18,145,916.55",3.73%,9.10%,12.83%,"887,873.32",11.55%,"612,550.03","16,540.90"
Total Market (without financials),96,Europe,2,6035,7.42%,"305,290.50","15,809,007.47",3.22%,8.67%,13.13%,"666,129.48",11.32%,"592,327.12","16,498.99"
Advertising,1,Japan,3,63,23.65%,229.31,"30,748.37",-1.58%,3.60%,-29.95%,"1,140.90",25.70%,347.57,15.27
Aerospace/Defense,2,Japan,3,2,0.02%,5.09,260.60,-8.72%,-26.20%,NA,4.53,25.00%,32.10,0.04
Air Transport,3,Japan,3,5,0.02%,8.77,"23,651.80",-16.88%,-18.68%,NA,5.00,10.00%,"4,338.61",-0.02
Apparel,4,Japan,3,65,5.17%,307.89,"14,238.97",-2.76%,-5.59%,1259.89%,726.72,17.60%,878.83,28.44
Auto & Truck,5,Japan,3,10,0.02%,"8,894.44","345,358.60",1.46%,-15.91%,229.70%,"26,044.64",23.43%,"53,020.10","1,065.34"
Auto Parts,6,Japan,3,105,1.17%,"3,173.14","149,893.80",-1.09%,-3.77%,3179.11%,"4,481.67",18.63%,"19,548.79",474.40
Bank (Money Center),7,Japan,3,6,0.00%,"9,904.70","175,657.40",2.61%,-15.68%,7382.10%,"18,318.90",27.51%,"3,009.10",0.00
Banks (Regional),8,Japan,3,81,0.05%,"2,668.93","73,670.20",3.09%,-14.08%,9608.50%,"10,936.80",30.40%,"1,653.88",0.00
Beverage (Alcoholic),9,Japan,3,6,0.24%,"1,071.65","44,965.10",9.64%,3.24%,409.32%,"3,057.25",22.89%,"1,961.54",18.19
Beverage (Soft),10,Japan,3,5,0.29%,326.04,"20,308.10",6.19%,2.98%,58.65%,"1,032.80",22.73%,"1,445.30",1.22
Broadcasting,11,Japan,3,11,0.09%,307.03,"11,997.60",3.61%,0.80%,52.01%,"1,412.18",31.67%,911.41,1.60
Brokerage & Investment Banking,12,Japan,3,36,6.56%,"1,338.98","38,717.90",7.43%,-1.63%,305.70%,"5,371.12",23.03%,"1,894.36",-61.89
Building Materials,13,Japan,3,69,3.15%,"1,301.32","110,750.75",5.03%,0.30%,96.45%,"5,009.67",26.20%,"5,359.25",90.53
Business & Consumer Services,14,Japan,3,186,18.91%,"1,614.48","168,793.63",9.61%,9.39%,-4.02%,"6,224.45",26.79%,"1,672.06",377.45
Cable TV,15,Japan,3,1,0.00%,50.82,"1,462.70",6.39%,5.86%,-200.60%,175.10,23.70%,78.60,-2.33
Chemical (Basic),16,Japan,3,70,2.50%,"2,055.99","72,153.30",4.64%,1.79%,170.71%,"5,559.89",28.44%,"7,199.46",95.01
Chemical (Diversified),17,Japan,3,21,0.29%,"1,253.15","46,065.80",-0.46%,-2.56%,195.25%,"2,345.16",25.67%,"4,954.80",113.27
Chemical (Specialty),18,Japan,3,75,2.03%,"2,452.37","183,133.40",7.76%,2.74%,57.78%,"9,500.69",28.74%,"6,788.39",-45.58
Coal & Related Energy,19,Japan,3,1,0.09%,2.62,251.00,2.68%,-14.50%,181.31%,14.00,17.21%,60.20,0.20
Computer Services,20,Japan,3,198,10.19%,"2,470.62","196,140.78",12.27%,11.48%,42.49%,"11,331.69",28.71%,"4,678.21",84.99
Computers/Peripherals,21,Japan,3,30,6.72%,"2,255.97","68,966.09",2.79%,-3.46%,42.57%,"4,016.29",21.86%,"4,599.69",-178.03
Construction Supplies,22,Japan,3,50,1.77%,"1,321.25","51,964.40",4.14%,-1.56%,113.52%,"3,625.94",26.47%,"4,390.94",-17.87
Diversified,23,Japan,3,14,7.65%,340.24,"22,440.80",2.68%,16.58%,484.79%,"1,106.43",20.05%,"1,726.13",-18.29
Drugs (Biotechnology),24,Japan,3,25,6.29%,11.50,"17,239.10",-17.87%,67.50%,NA,92.68,6.54%,82.63,24.12
Drugs (Pharmaceutical),25,Japan,3,40,2.26%,"8,031.56","377,540.20",7.86%,3.91%,46.48%,"14,606.70",19.32%,"4,129.67",825.36
Education,26,Japan,3,27,18.64%,100.80,"6,038.50",2.47%,3.75%,34.50%,253.98,31.92%,128.59,3.04
Electrical Equipment,27,Japan,3,59,3.50%,"1,387.27","133,391.12",5.78%,-2.08%,96.08%,"5,378.00",26.58%,"4,416.21",138.33
Electronics (Consumer & Office),28,Japan,3,12,2.02%,"1,167.74","167,399.40",15.59%,-4.02%,34.94%,"11,647.48",21.83%,"8,092.75",325.41
Electronics (General),29,Japan,3,135,4.10%,"4,011.10","386,207.90",5.45%,3.95%,89.19%,"14,037.48",23.62%,"12,129.36",76.11
Engineering/Construction,30,Japan,3,157,1.69%,"2,737.03","96,273.50",9.73%,7.83%,71.61%,"15,366.38",32.60%,"5,082.02",94.79
Entertainment,31,Japan,3,67,13.30%,"2,429.60","163,135.50",13.91%,5.64%,11.81%,"8,913.38",21.62%,"1,258.38",25.68
Environmental & Waste Services,32,Japan,3,34,11.29%,161.45,"10,601.20",-0.27%,7.49%,110.66%,674.42,29.60%,496.87,-0.04
Farming/Agriculture,33,Japan,3,11,1.91%,478.35,"29,863.96",8.51%,-0.36%,6.90%,"2,006.20",24.38%,665.36,327.49
Financial Svcs. (Non-bank & Insurance),34,Japan,3,39,6.47%,"2,581.35","94,339.90",15.02%,4.96%,209.81%,"22,584.99",24.47%,"9,208.56",-0.98
Food Processing,35,Japan,3,118,2.81%,"1,931.16","132,573.12",7.46%,7.76%,92.00%,"9,029.85",29.03%,"6,800.66",64.24
Food Wholesalers,36,Japan,3,35,5.77%,129.84,"7,461.19",4.16%,-2.60%,-3.45%,627.64,22.04%,395.12,-0.01
Furn/Home Furnishings,37,Japan,3,19,8.17%,177.37,"13,626.60",4.87%,-4.86%,11.94%,716.05,34.99%,315.39,7.96
Green & Renewable Energy,38,Japan,3,8,13.93%,25.64,"6,042.00",16.93%,21.97%,153.73%,219.45,19.98%,166.75,2.69
Healthcare Products,39,Japan,3,36,6.43%,"1,105.44","171,193.60",8.73%,2.98%,70.76%,"4,286.72",28.59%,"2,478.61",84.69
Healthcare Support Services,40,Japan,3,43,11.45%,521.33,"28,579.30",6.66%,15.15%,-0.79%,"2,450.71",30.91%,870.12,-4.48
Heathcare Information and Technology,41,Japan,3,34,11.10%,84.19,"76,977.40",11.42%,12.06%,61.67%,648.66,23.87%,153.87,-2.90
Homebuilding,42,Japan,3,51,17.77%,"1,284.27","44,265.50",9.30%,0.08%,7.27%,"5,563.75",29.53%,"1,336.11",14.15
Hospitals/Healthcare Facilities,43,Japan,3,9,19.19%,13.45,"2,126.30",13.55%,8.20%,472.08%,93.13,34.55%,92.66,0.01
Hotel/Gaming,44,Japan,3,28,22.54%,127.39,"8,962.80",-14.85%,22.77%,NA,210.53,8.97%,"1,246.90",-0.28
Household Products,45,Japan,3,42,17.57%,"1,673.11","150,427.50",9.05%,13.11%,31.84%,"4,423.37",24.48%,"1,874.59",10.50
Information Services,46,Japan,3,23,10.48%,116.58,"18,253.50",12.24%,0.80%,31.73%,475.62,32.37%,82.54,-1.43
Insurance (General),47,Japan,3,4,3.66%,19.66,999.80,13.95%,-3.15%,-20.35%,90.61,18.03%,12.85,0.09
Insurance (Life),48,Japan,3,5,0.00%,"2,059.74","67,561.90",3.66%,-1.53%,15.17%,"11,367.30",25.09%,"1,829.43",0.00
Insurance (Prop/Cas.),49,Japan,3,6,1.79%,"2,615.19","68,635.00",4.95%,3.33%,-23.55%,"5,464.57",33.62%,794.03,0.00
Investments & Asset Management,50,Japan,3,10,13.04%,58.44,"2,529.70",7.11%,10.38%,2.99%,291.16,15.12%,15.32,1.33
Machinery,51,Japan,3,232,3.75%,"3,467.61","279,688.73",3.96%,0.44%,130.71%,"11,251.22",27.08%,"10,994.13",28.44
Metals & Mining,52,Japan,3,21,5.67%,376.07,"24,471.90",-0.18%,-6.11%,174.91%,"1,457.07",21.69%,"2,725.43",27.65
Office Equipment & Services,53,Japan,3,32,3.90%,244.41,"9,585.10",5.69%,6.53%,17.62%,861.81,26.35%,207.61,6.27
Oil/Gas (Integrated),54,Japan,3,0,NA,NA,NA,NA,NA,NA,NA,NA,NA,NA
Oil/Gas (Production and Exploration),55,Japan,3,2,0.00%,309.27,"8,903.60",4.85%,-16.10%,77.34%,"5,871.20",42.11%,"1,960.70",-0.10
Oil/Gas Distribution,56,Japan,3,3,0.13%,44.84,"3,691.40",12.31%,17.90%,82.26%,343.80,32.52%,331.10,0.88
Oilfield Svcs/Equip.,57,Japan,3,19,0.44%,"1,274.30","25,168.30",-7.66%,9.80%,NA,600.96,22.01%,"5,182.90",44.08
Packaging & Container,58,Japan,3,31,6.26%,198.62,"11,677.60",4.43%,12.23%,125.34%,"1,085.95",30.38%,"1,385.72",16.43
Paper/Forest Products,59,Japan,3,17,6.13%,254.39,"12,546.30",3.92%,1.08%,299.07%,"1,222.94",27.24%,"2,491.91",5.09
Power,60,Japan,3,25,3.53%,"2,163.72","72,278.10",3.57%,2.33%,113.13%,"9,823.29",28.15%,"29,294.54",20.40
Precious Metals,61,Japan,3,2,0.05%,78.21,"1,498.30",18.39%,19.30%,226.28%,216.00,16.06%,37.15,-0.54
Publishing & Newspapers,62,Japan,3,52,8.90%,424.68,"19,505.99",1.64%,2.07%,233.87%,973.29,23.49%,"1,678.41",32.66
R.E.I.T.,63,Japan,3,62,0.01%,"3,997.09","139,383.30",6.21%,15.90%,43.76%,"5,395.25",0.05%,"4,583.98",0.00
Real Estate (Development),64,Japan,3,14,13.78%,89.04,"4,525.55",5.73%,-5.18%,-33.92%,272.35,23.42%,291.66,0.00
Real Estate (General/Diversified),65,Japan,3,56,14.00%,"2,647.24","104,814.95",9.04%,7.71%,185.29%,"12,589.29",27.86%,"15,368.78",2.69
Real Estate (Operations & Services),66,Japan,3,38,17.30%,563.18,"28,416.70",4.21%,6.22%,32.22%,"2,281.38",29.78%,"1,212.49",-0.06
Recreation,67,Japan,3,51,7.62%,967.70,"128,369.50",1.77%,-0.49%,122.86%,"2,257.99",19.79%,"2,075.74",58.14
Reinsurance,68,Japan,3,0,NA,NA,NA,NA,NA,NA,NA,NA,NA,NA
Restaurant/Dining,69,Japan,3,105,14.71%,313.83,"46,630.88",-11.45%,2.01%,NA,731.87,9.54%,"1,578.48",0.08
Retail (Automotive),70,Japan,3,29,11.79%,267.74,"10,640.93",6.03%,-3.30%,79.90%,788.93,27.59%,844.83,0.00
Retail (Building Supply),71,Japan,3,18,7.40%,269.94,"31,877.90",12.02%,15.91%,-25.72%,"2,577.64",32.49%,352.06,0.00
Retail (Distributors),72,Japan,3,153,4.62%,"7,214.33","203,749.67",5.48%,0.97%,3.59%,"20,262.47",28.47%,"12,854.87",-2.94
Retail (General),73,Japan,3,33,9.36%,801.05,"68,798.41",-1.20%,3.74%,134.76%,"2,644.14",20.59%,"5,313.84",-6.41
Retail (Grocery and Food),74,Japan,3,46,6.94%,"1,329.33","66,913.85",7.25%,7.91%,43.03%,"5,266.29",29.15%,"4,734.01",0.03
Retail (Online),75,Japan,3,0,NA,NA,NA,NA,NA,NA,NA,NA,NA,NA
Retail (Special Lines),76,Japan,3,110,12.40%,"1,894.92","193,434.68",7.08%,4.89%,-0.66%,"8,828.45",23.05%,"2,560.67",4.23
Rubber& Tires,77,Japan,3,7,0.06%,"1,109.09","30,247.80",3.06%,-3.34%,-20.82%,"1,877.46",44.50%,794.22,-561.28
Semiconductor,78,Japan,3,18,4.20%,218.79,"36,171.40",3.93%,1.42%,75.27%,"1,109.88",20.20%,"1,088.67",82.33
Semiconductor Equip,79,Japan,3,33,2.86%,"1,618.21","118,579.00",17.16%,12.97%,46.44%,"5,046.34",24.42%,"1,578.36",130.47
Shipbuilding & Marine,80,Japan,3,31,1.26%,335.82,"18,162.90",6.62%,-7.79%,563.71%,"2,238.97",25.41%,"5,138.37",2.57
Shoe,81,Japan,3,3,0.05%,21.47,"3,581.10",-4.15%,-7.12%,NA,0.00,0.00%,2.87,1.10
Software (Entertainment),82,Japan,3,66,30.22%,637.50,"64,354.40",5.11%,10.07%,360.32%,"2,213.51",24.09%,527.01,178.70
Software (Internet),83,Japan,3,23,22.36%,37.19,"10,972.20",18.09%,24.42%,-6.40%,360.16,31.00%,20.87,1.71
Software (System & Application),84,Japan,3,150,17.75%,595.92,"82,316.50",12.28%,11.24%,0.61%,"2,464.60",24.13%,178.40,22.24
Steel,85,Japan,3,45,0.87%,365.41,"39,273.35",-11.39%,2.57%,NA,"1,360.75",22.49%,"12,215.99",39.19
Telecom (Wireless),86,Japan,3,7,7.00%,"7,552.91","270,202.10",13.08%,-4.81%,101.95%,"20,922.63",32.86%,"17,182.07",-610.49
Telecom. Equipment,87,Japan,3,17,9.87%,27.25,"1,986.10",0.73%,2.17%,206.63%,67.31,11.36%,50.50,4.75
Telecom. Services,88,Japan,3,16,22.78%,"1,688.76","101,134.80",9.66%,24.18%,85.76%,"15,265.42",29.92%,"17,631.39",-250.26
Tobacco,89,Japan,3,1,0.00%,"2,590.33","36,134.70",11.64%,12.60%,-80.47%,"3,785.10",26.74%,858.80,9.32
Transportation,90,Japan,3,16,17.63%,421.96,"34,733.00",10.61%,6.93%,73.97%,"2,340.70",35.04%,"1,256.14",8.05
Transportation (Railroads),91,Japan,3,21,0.03%,"1,733.21","143,939.90",-4.00%,-3.72%,NA,615.50,9.78%,"25,701.26",100.43
Trucking,92,Japan,3,39,1.91%,536.71,"26,094.60",5.47%,-0.34%,189.56%,"2,682.83",28.42%,"3,247.05",-0.22
Utility (General),93,Japan,3,0,NA,NA,NA,NA,NA,NA,NA,NA,NA,NA
Utility (Water),94,Japan,3,0,NA,NA,NA,4.55%,NA,NA,NA,NA,NA,NA
Total Market,95,Japan,3,3893,8.51%,"127,293.80","6,691,823.87",4.55%,3.98%,115.55%,"423,874.13",24.94%,"392,521.60","3,452.76"
Total Market (without financials),96,Japan,3,3706,8.77%,"106,046.81","6,169,712.07",4.53%,4.45%,115.59%,"349,448.68",24.86%,"374,104.07","3,514.21"
Advertising,1,Emerging Countries,4,126,19.33%,720.35,"71,131.41",3.63%,6.27%,-4.67%,"2,522.07",11.42%,414.82,-9.62
Aerospace/Defense,2,Emerging Countries,4,107,19.08%,"1,578.97","195,542.69",3.20%,23.20%,163.30%,"6,452.95",10.95%,"3,836.86",731.25
Air Transport,3,Emerging Countries,4,84,5.65%,"5,332.47","216,536.69",-29.50%,-13.15%,NA,"1,021.27",5.55%,"15,415.50",81.92
Apparel,4,Emerging Countries,4,937,16.48%,"4,399.63","232,582.25",0.57%,3.44%,34.81%,"10,767.73",11.56%,"6,633.12",50.24
Auto & Truck,5,Emerging Countries,4,85,6.81%,"8,357.08","621,347.22",2.73%,-6.39%,-194.15%,"21,914.30",13.47%,"21,160.36",311.41
Auto Parts,6,Emerging Countries,4,478,16.66%,"4,410.39","294,781.76",2.11%,-6.68%,91.03%,"10,347.33",11.89%,"13,196.80",181.75
Bank (Money Center),7,Emerging Countries,4,471,0.72%,"119,103.03","3,435,466.40",10.37%,7.70%,1486.45%,"445,570.25",19.86%,"49,029.40",-0.01
Banks (Regional),8,Emerging Countries,4,96,2.39%,"18,313.52","210,640.73",11.28%,9.52%,23819.79%,"28,350.13",17.87%,"3,019.74",0.00
Beverage (Alcoholic),9,Emerging Countries,4,126,19.14%,"9,946.35","1,043,310.89",17.04%,8.57%,0.78%,"26,250.19",18.53%,"4,945.50",48.89
Beverage (Soft),10,Emerging Countries,4,38,10.92%,"3,301.71","147,130.09",7.44%,9.86%,43.70%,"4,684.99",14.40%,"2,848.24",1.75
Broadcasting,11,Emerging Countries,4,67,10.89%,362.40,"29,183.24",-2.06%,-4.90%,52.47%,"1,471.37",7.46%,"1,056.44",-0.93
Brokerage & Investment Banking,12,Emerging Countries,4,410,14.89%,"18,951.85","651,682.85",9.18%,10.10%,-4624.25%,"39,746.49",13.22%,"3,825.26",50.36
Building Materials,13,Emerging Countries,4,232,13.14%,"1,559.37","101,369.31",7.51%,-0.74%,76.90%,"4,429.59",14.93%,"3,544.45",79.43
Business & Consumer Services,14,Emerging Countries,4,285,20.93%,"1,702.65","102,712.06",6.50%,3.19%,42.99%,"3,614.83",12.88%,"1,504.67",36.07
Cable TV,15,Emerging Countries,4,35,11.28%,931.50,"43,871.53",2.02%,-7.18%,38.72%,"1,844.80",11.91%,"3,693.73",2.40
Chemical (Basic),16,Emerging Countries,4,656,15.15%,"17,583.03","756,938.89",4.75%,10.70%,116.27%,"27,417.24",15.37%,"45,349.35",521.30
Chemical (Diversified),17,Emerging Countries,4,39,4.23%,"1,125.01","62,916.63",-11.05%,11.01%,86.82%,"2,291.10",17.49%,"4,065.51",51.34
Chemical (Specialty),18,Emerging Countries,4,553,14.70%,"8,026.75","448,076.61",8.04%,11.84%,55.31%,"17,525.20",16.25%,"18,317.15",246.01
Coal & Related Energy,19,Emerging Countries,4,96,6.60%,"12,215.37","172,504.71",10.27%,15.78%,45.70%,"25,398.97",13.86%,"14,280.48",51.73
Computer Services,20,Emerging Countries,4,466,15.24%,"8,290.61","459,084.42",14.02%,9.80%,11.94%,"21,502.75",13.05%,"4,366.87",154.77
Computers/Peripherals,21,Emerging Countries,4,214,10.04%,"13,417.72","807,165.87",9.99%,2.30%,114.30%,"45,554.77",13.63%,"37,181.50","1,738.53"
Construction Supplies,22,Emerging Countries,4,519,9.15%,"16,575.04","617,516.99",9.50%,6.89%,10.52%,"52,833.06",12.91%,"26,387.92","1,323.37"
Diversified,23,Emerging Countries,4,210,8.94%,"17,667.52","392,963.42",4.07%,-2.08%,40.11%,"43,252.98",14.26%,"35,267.29",134.89
Drugs (Biotechnology),24,Emerging Countries,4,253,12.60%,810.18,"455,640.60",-6.99%,15.49%,NA,"5,810.63",5.66%,"3,177.53","1,135.98"
Drugs (Pharmaceutical),25,Emerging Countries,4,657,12.89%,"9,528.28","869,736.51",5.41%,12.67%,51.15%,"28,151.48",14.89%,"13,654.20","1,427.27"
Education,26,Emerging Countries,4,154,19.66%,"1,011.81","187,462.79",2.11%,6.91%,252.15%,"2,897.47",9.84%,"2,618.54",140.10
Electrical Equipment,27,Emerging Countries,4,610,13.95%,"6,180.33","643,045.66",4.58%,7.99%,92.11%,"17,148.73",12.71%,"17,380.94","1,003.48"
Electronics (Consumer & Office),28,Emerging Countries,4,86,13.20%,"1,514.10","88,367.29",6.35%,4.78%,304.30%,"3,373.85",11.22%,"8,551.82",362.98
Electronics (General),29,Emerging Countries,4,891,15.23%,"15,296.11","1,119,272.15",7.78%,5.51%,125.95%,"39,900.05",12.32%,"43,633.94","2,678.70"
Engineering/Construction,30,Emerging Countries,4,869,18.54%,"21,190.90","357,224.70",9.32%,4.69%,179.80%,"55,859.79",13.87%,"53,177.85","5,122.17"
Entertainment,31,Emerging Countries,4,330,18.19%,"3,128.47","456,302.16",-5.18%,24.63%,45.41%,"10,076.55",6.25%,"2,955.58",810.18
Environmental & Waste Services,32,Emerging Countries,4,143,15.31%,"2,113.63","88,197.75",9.20%,9.50%,218.41%,"5,070.94",14.32%,"7,269.48",45.71
Farming/Agriculture,33,Emerging Countries,4,283,12.19%,"2,862.03","189,326.68",9.11%,13.16%,98.21%,"12,086.09",12.64%,"14,509.06",92.82
Financial Svcs. (Non-bank & Insurance),34,Emerging Countries,4,611,11.98%,"11,066.55","577,892.88",11.05%,12.10%,68.93%,"39,491.49",14.47%,"7,070.24",33.69
Food Processing,35,Emerging Countries,4,884,12.86%,"15,059.72","984,125.21",15.93%,12.04%,65.98%,"52,266.60",13.83%,"35,522.66",237.06
Food Wholesalers,36,Emerging Countries,4,84,17.07%,589.78,"22,461.24",5.87%,9.65%,117.07%,"1,504.06",11.83%,"1,025.59",1.45
Furn/Home Furnishings,37,Emerging Countries,4,244,19.51%,"6,528.58","367,555.54",12.24%,11.58%,-1.13%,"16,054.45",14.55%,"6,858.72",271.44
Green & Renewable Energy,38,Emerging Countries,4,121,10.96%,"6,402.85","211,126.10",9.57%,14.16%,48.94%,"11,556.04",10.53%,"9,087.45",15.79
Healthcare Products,39,Emerging Countries,4,258,16.00%,"1,796.15","325,143.06",28.36%,17.61%,44.02%,"10,716.77",10.43%,"3,114.78",363.88
Healthcare Support Services,40,Emerging Countries,4,157,18.74%,"2,360.14","164,305.64",9.09%,10.54%,78.37%,"8,282.85",15.35%,"2,408.65",81.66
Heathcare Information and Technology,41,Emerging Countries,4,98,14.37%,326.45,"304,152.55",7.71%,12.36%,232.87%,"2,365.63",6.34%,"2,138.72",193.45
Homebuilding,42,Emerging Countries,4,37,14.25%,456.34,"18,123.36",15.51%,11.33%,97.03%,"2,103.88",14.41%,229.91,7.89
Hospitals/Healthcare Facilities,43,Emerging Countries,4,122,14.65%,"1,204.82","204,732.77",-1.96%,-2.64%,221.71%,"2,270.45",15.07%,"3,954.19",10.27
Hotel/Gaming,44,Emerging Countries,4,409,13.11%,"4,055.22","233,822.86",-6.72%,-5.93%,NA,"2,895.76",7.21%,"10,988.48",14.68
Household Products,45,Emerging Countries,4,277,21.11%,"3,817.04","321,111.02",13.69%,3.49%,28.69%,"8,556.53",12.30%,"3,298.68",74.18
Information Services,46,Emerging Countries,4,83,12.78%,606.60,"95,944.18",9.46%,6.34%,131.54%,"2,542.86",15.78%,"1,021.43",-23.27
Insurance (General),47,Emerging Countries,4,148,7.63%,"3,565.08","136,436.82",10.17%,7.22%,46.43%,"10,525.75",15.39%,"1,218.35",1.80
Insurance (Life),48,Emerging Countries,4,75,0.68%,"21,654.61","720,131.01",11.83%,-1.05%,98.24%,"55,028.96",12.81%,"5,457.37",0.00
Insurance (Prop/Cas.),49,Emerging Countries,4,145,5.12%,"3,378.60","116,371.59",7.89%,2.99%,55.88%,"14,600.89",15.68%,"2,688.41",0.00
Investments & Asset Management,50,Emerging Countries,4,392,12.55%,"2,175.18","81,574.93",1.96%,1.71%,129.05%,"8,413.99",8.02%,"2,148.76",-4.65
Machinery,51,Emerging Countries,4,774,15.67%,"5,355.59","439,977.62",5.80%,6.52%,112.14%,"14,535.82",13.70%,"11,457.64",695.25
Metals & Mining,52,Emerging Countries,4,315,9.62%,"15,395.95","440,844.46",4.45%,14.27%,96.48%,"21,442.90",12.30%,"23,356.66",474.41
Office Equipment & Services,53,Emerging Countries,4,66,18.53%,195.19,"23,183.42",12.10%,3.93%,78.47%,829.19,13.44%,364.97,-37.20
Oil/Gas (Integrated),54,Emerging Countries,4,26,3.48%,"95,729.89","2,426,431.70",5.57%,-2.39%,54.02%,"151,802.85",16.91%,"171,395.96",-46.66
Oil/Gas (Production and Exploration),55,Emerging Countries,4,118,3.75%,"9,727.99","174,656.39",3.63%,2.14%,79.48%,"18,516.69",10.08%,"26,975.70",-37.31
Oil/Gas Distribution,56,Emerging Countries,4,105,14.57%,"4,230.06","89,676.94",9.46%,11.93%,34.87%,"10,969.07",13.45%,"10,117.96",-13.50
Oilfield Svcs/Equip.,57,Emerging Countries,4,244,13.53%,"4,607.21","374,002.01",-0.07%,2.84%,232.11%,"14,298.62",10.45%,"32,917.50",146.89
Packaging & Container,58,Emerging Countries,4,297,14.87%,"1,288.34","90,282.70",5.46%,5.39%,50.85%,"3,897.42",14.37%,"4,613.77",46.98
Paper/Forest Products,59,Emerging Countries,4,199,8.65%,"1,503.74","94,098.93",-0.72%,11.55%,4.30%,"4,787.56",11.26%,"6,439.76",42.71
Power,60,Emerging Countries,4,378,5.34%,"37,144.75","726,798.34",7.31%,6.11%,82.12%,"74,026.60",17.49%,"101,390.53",530.18
Precious Metals,61,Emerging Countries,4,91,3.98%,"3,659.17","218,534.23",9.68%,31.20%,81.17%,"11,041.03",10.95%,"9,321.83",53.52
Publishing & Newspapers,62,Emerging Countries,4,174,16.17%,"1,264.10","49,718.11",3.54%,6.12%,85.41%,"2,352.09",10.07%,985.98,-3.01
R.E.I.T.,63,Emerging Countries,4,229,1.15%,"8,214.28","255,644.98",-2.76%,-4.74%,81.78%,"5,980.05",4.32%,"1,004.30",0.00
Real Estate (Development),64,Emerging Countries,4,768,15.59%,"58,325.09","770,537.58",10.65%,6.48%,103.68%,"181,637.97",17.07%,"27,518.11",168.21
Real Estate (General/Diversified),65,Emerging Countries,4,232,11.68%,"13,300.38","294,441.92",2.78%,-3.51%,113.62%,"26,060.21",13.78%,"9,374.15",9.40
Real Estate (Operations & Services),66,Emerging Countries,4,352,11.88%,"6,198.32","351,407.18",1.16%,7.14%,34.68%,"13,908.18",15.26%,"3,336.56",167.66
Recreation,67,Emerging Countries,4,139,14.32%,"2,163.44","67,782.21",7.58%,-0.07%,175.32%,"4,602.02",11.10%,"3,085.86",29.68
Reinsurance,68,Emerging Countries,4,30,1.06%,636.06,"39,015.52",6.71%,-0.26%,60.93%,"4,225.44",10.35%,172.02,0.00
Restaurant/Dining,69,Emerging Countries,4,133,14.19%,736.70,"108,653.18",-4.18%,-9.54%,NA,"1,689.88",9.44%,"2,740.74",1.30
Retail (Automotive),70,Emerging Countries,4,97,15.57%,"2,583.79","80,398.94",5.48%,4.19%,47.53%,"4,664.77",17.79%,"3,847.68",-5.73
Retail (Building Supply),71,Emerging Countries,4,30,6.90%,388.13,"29,012.33",14.24%,-0.93%,115.40%,919.96,15.43%,473.79,-0.06
Retail (Distributors),72,Emerging Countries,4,629,17.54%,"6,852.26","135,607.23",4.01%,9.19%,117.43%,"13,078.48",12.35%,"19,670.03",42.50
Retail (General),73,Emerging Countries,4,140,13.88%,"5,329.76","280,697.52",2.10%,-4.18%,54.79%,"10,847.15",18.42%,"10,084.24",30.03
Retail (Grocery and Food),74,Emerging Countries,4,71,12.55%,"1,923.51","112,222.26",14.27%,7.15%,16.66%,"4,688.20",17.44%,"3,787.18",1.43
Retail (Online),75,Emerging Countries,4,106,16.22%,479.87,"1,551,268.71",13.62%,6.30%,113.76%,"33,891.92",10.28%,"13,073.34","2,449.68"
Retail (Special Lines),76,Emerging Countries,4,180,17.92%,"3,134.75","240,612.31",1.30%,10.21%,35.34%,"6,546.80",11.77%,"3,042.55",-57.80
Rubber& Tires,77,Emerging Countries,4,74,11.25%,833.22,"52,055.50",5.94%,-7.71%,42.88%,"2,705.49",15.04%,"3,461.99",117.65
Semiconductor,78,Emerging Countries,4,432,11.68%,"14,907.24","1,260,830.87",14.77%,8.15%,110.81%,"39,076.20",9.64%,"48,847.75","2,539.12"
Semiconductor Equip,79,Emerging Countries,4,213,18.49%,"1,345.87","189,689.86",11.83%,11.25%,82.45%,"5,347.55",12.97%,"3,607.03",196.96
Shipbuilding & Marine,80,Emerging Countries,4,232,9.95%,"6,140.22","208,854.11",6.56%,-0.85%,63.47%,"14,913.78",12.82%,"14,124.42",47.43
Shoe,81,Emerging Countries,4,58,9.63%,906.24,"77,880.52",4.52%,-1.98%,-48.68%,"1,986.42",11.94%,"1,043.19",17.39
Software (Entertainment),82,Emerging Countries,4,74,18.18%,"1,855.36","898,378.29",21.67%,31.78%,-11.69%,"28,249.13",10.60%,"5,467.92","1,443.21"
Software (Internet),83,Emerging Countries,4,49,19.20%,316.37,"83,387.87",-5.67%,23.90%,927.06%,626.14,7.39%,"3,048.77",117.94
Software (System & Application),84,Emerging Countries,4,408,17.21%,"1,715.21","428,432.34",6.20%,12.08%,154.28%,"7,069.63",9.72%,"2,788.57",683.87
Steel,85,Emerging Countries,4,529,13.46%,"16,965.73","469,070.13",3.94%,6.53%,13.79%,"27,299.22",12.95%,"33,455.61",746.34
Telecom (Wireless),86,Emerging Countries,4,65,5.76%,"19,931.11","436,575.90",6.43%,6.61%,-107.78%,"42,033.58",17.71%,"36,815.95",-162.58
Telecom. Equipment,87,Emerging Countries,4,291,14.51%,"2,145.62","199,422.37",3.58%,6.33%,231.20%,"5,121.82",9.07%,"4,484.07",668.47
Telecom. Services,88,Emerging Countries,4,140,8.13%,"13,031.54","411,127.78",6.21%,3.47%,-78.57%,"31,293.31",15.02%,"39,068.52",50.05
Tobacco,89,Emerging Countries,4,33,15.67%,"3,604.15","125,089.72",21.13%,6.23%,8.69%,"6,915.15",20.00%,"1,271.21",40.43
Transportation,90,Emerging Countries,4,196,14.24%,"6,144.17","238,235.59",6.11%,3.43%,62.68%,"13,748.01",15.72%,"11,386.43",98.82
Transportation (Railroads),91,Emerging Countries,4,16,2.04%,"3,752.72","121,244.10",5.11%,2.93%,9.52%,"5,894.12",21.62%,"2,688.10",0.22
Trucking,92,Emerging Countries,4,107,16.80%,673.71,"38,834.05",0.79%,5.78%,51.13%,"1,629.89",15.49%,"1,685.16",-0.46
Utility (General),93,Emerging Countries,4,11,0.61%,"1,389.62","74,914.20",3.63%,-15.58%,549.23%,"1,909.27",23.48%,"2,637.60",-6.40
Utility (Water),94,Emerging Countries,4,69,8.06%,"2,817.13","64,809.75",7.31%,5.61%,117.92%,"6,512.21",17.48%,"6,283.12",16.11
Total Market,95,Emerging Countries,4,23680,13.99%,"831,396.88","35,302,829.73",7.31%,7.03%,69.56%,"2,157,916.54",13.00%,"1,307,216.65","31,191.04"
Total Market (without financials),96,Emerging Countries,4,21332,14.56%,"633,188.46","29,372,632.52",6.09%,6.96%,68.38%,"1,516,188.61",12.83%,"1,232,759.12","31,109.85"
Advertising,1,Global,5,348,15.53%,"3,592.89","205,105.32",-3.95%,3.78%,-10.61%,"7,311.11",11.98%,"2,832.07",-11.93
Aerospace/Defense,2,Global,5,255,7.82%,"14,577.21","1,093,491.61",-0.18%,15.26%,66.51%,"37,282.78",9.64%,"22,478.01","3,108.11"
Air Transport,3,Global,5,156,4.31%,"9,913.13","512,789.07",-35.47%,-8.27%,NA,"2,884.49",5.56%,"51,608.14",120.51
Apparel,4,Global,5,1188,14.65%,"13,740.18","1,305,379.74",2.44%,2.70%,24.78%,"36,836.65",11.63%,"22,058.87",362.79
Auto & Truck,5,Global,5,144,5.51%,"25,826.32","2,135,133.36",1.91%,-5.30%,107.02%,"77,423.47",13.89%,"146,478.59","1,377.92"
Auto Parts,6,Global,5,709,10.45%,"10,794.10","721,728.70",-1.61%,-4.98%,175.13%,"21,055.13",12.55%,"47,127.73","1,244.25"
Bank (Money Center),7,Global,5,620,0.71%,"198,460.38","6,249,436.27",7.70%,6.55%,1965.58%,"688,530.35",19.97%,"69,395.06",-0.01
Banks (Regional),8,Global,5,850,1.44%,"40,947.06","985,347.94",7.26%,8.61%,NA,"95,689.80",18.35%,"12,649.95",0.00
Beverage (Alcoholic),9,Global,5,223,12.01%,"20,186.25","1,633,228.14",9.14%,5.13%,24.69%,"42,625.00",16.51%,"15,921.22",69.13
Beverage (Soft),10,Global,5,108,6.55%,"17,847.04","769,063.79",19.34%,10.87%,36.27%,"30,625.08",10.79%,"12,551.27",18.65
Broadcasting,11,Global,5,146,9.46%,"2,484.52","157,113.64",1.95%,4.28%,80.75%,"14,367.65",11.22%,"5,079.76",5.23
Brokerage & Investment Banking,12,Global,5,575,12.80%,"29,729.62","1,103,333.09",10.25%,12.16%,-1022.63%,"80,272.86",13.41%,"15,400.15",14.59
Building Materials,13,Global,5,439,7.87%,"6,694.81","591,485.53",8.69%,3.96%,35.43%,"25,848.39",16.60%,"15,561.40",220.91
Business & Consumer Services,14,Global,5,923,13.97%,"12,689.86","1,024,754.94",8.88%,6.05%,-0.61%,"33,038.74",15.71%,"14,416.48",558.78
Cable TV,15,Global,5,60,4.30%,"6,651.12","599,456.22",10.47%,2.33%,-15.90%,"28,764.60",14.58%,"28,269.73",29.23
Chemical (Basic),16,Global,5,844,12.25%,"24,505.25","970,399.95",3.97%,10.07%,104.08%,"36,838.37",15.47%,"61,058.30",609.67
Chemical (Diversified),17,Global,5,73,1.97%,"7,629.97","240,624.73",-2.95%,5.47%,71.18%,"7,520.76",18.56%,"16,602.81",248.90
Chemical (Specialty),18,Global,5,861,9.14%,"25,855.03","1,663,513.57",5.33%,10.00%,35.00%,"57,951.02",15.12%,"52,635.95",193.80
Coal & Related Energy,19,Global,5,222,5.13%,"13,044.49","201,698.58",7.60%,15.96%,44.52%,"27,071.08",6.98%,"16,377.02",55.02
Computer Services,20,Global,5,1007,12.79%,"21,398.50","1,292,400.42",14.32%,11.53%,9.83%,"62,913.04",16.27%,"16,293.19",824.00
Computers/Peripherals,21,Global,5,337,7.87%,"33,342.80","3,336,885.94",19.09%,2.91%,35.94%,"125,619.34",12.36%,"56,102.93","3,808.31"
Construction Supplies,22,Global,5,753,7.13%,"28,369.82","1,264,346.27",7.99%,6.69%,4.86%,"83,960.22",13.72%,"50,266.55","1,132.38"
Diversified,23,Global,5,324,8.25%,"32,837.25","1,757,672.98",7.74%,1.29%,34.76%,"143,989.29",13.54%,"78,017.31",-12.98
Drugs (Biotechnology),24,Global,5,1139,4.86%,"16,073.45","2,051,985.24",-4.38%,19.32%,1540.41%,"46,409.87",1.97%,"10,948.08","8,139.27"
Drugs (Pharmaceutical),25,Global,5,1319,8.05%,"78,847.08","3,964,408.89",10.90%,11.36%,44.04%,"171,217.59",9.24%,"47,646.37","12,385.24"
Education,26,Global,5,250,15.51%,"1,272.66","241,563.36",-0.28%,6.58%,131.05%,"4,668.97",11.29%,"3,426.87",159.70
Electrical Equipment,27,Global,5,950,10.75%,"15,612.77","1,419,883.02",6.63%,6.49%,54.82%,"40,131.19",11.76%,"31,212.45","1,606.43"
Electronics (Consumer & Office),28,Global,5,142,9.83%,"3,134.74","291,238.73",12.12%,2.58%,75.48%,"16,327.83",10.25%,"16,998.46",795.86
Electronics (General),29,Global,5,1387,9.76%,"22,485.57","1,907,686.33",6.81%,4.49%,103.69%,"63,724.63",12.16%,"62,284.43","3,232.13"
Engineering/Construction,30,Global,5,1263,12.65%,"29,084.03","772,397.57",7.89%,6.22%,129.78%,"86,859.16",16.07%,"70,273.89","5,120.75"
Entertainment,31,Global,5,725,14.29%,"10,247.22","1,634,732.20",-1.27%,15.31%,15.88%,"31,746.74",6.62%,"13,615.02","1,789.64"
Environmental & Waste Services,32,Global,5,344,10.18%,"4,506.30","310,062.79",5.78%,9.92%,109.95%,"11,147.49",11.53%,"13,677.67",59.72
Farming/Agriculture,33,Global,5,410,9.99%,"6,185.35","415,725.93",9.45%,12.58%,53.80%,"23,573.48",11.85%,"22,948.30",230.16
Financial Svcs. (Non-bank & Insurance),34,Global,5,1096,8.29%,"34,900.58","1,791,275.62",13.96%,11.12%,117.19%,"173,440.64",14.20%,"38,860.54",125.32
Food Processing,35,Global,5,1322,9.93%,"38,382.11","2,184,858.73",13.03%,10.38%,44.80%,"115,971.04",14.48%,"63,848.11",336.15
Food Wholesalers,36,Global,5,155,11.48%,"1,816.26","93,045.06",1.60%,3.91%,68.53%,"2,747.25",13.18%,"4,353.23",2.13
Furn/Home Furnishings,37,Global,5,357,15.70%,"7,781.20","480,239.23",11.90%,9.28%,-6.37%,"22,460.49",15.02%,"10,101.06",368.92
Green & Renewable Energy,38,Global,5,226,9.40%,"8,523.52","343,169.43",7.25%,14.11%,69.27%,"14,103.69",10.36%,"15,677.72",-2.08
Healthcare Products,39,Global,5,816,6.87%,"14,748.62","2,367,491.89",10.56%,13.46%,78.36%,"49,206.89",7.29%,"20,175.80",655.40
Healthcare Support Services,40,Global,5,413,11.39%,"15,755.14","1,221,512.31",14.37%,13.17%,21.96%,"86,622.76",13.67%,"20,473.14",333.59
Heathcare Information and Technology,41,Global,5,423,7.59%,"2,231.32","1,277,192.46",12.88%,14.64%,40.65%,"23,866.28",6.73%,"8,542.61",824.13
Homebuilding,42,Global,5,167,11.76%,"4,072.38","249,630.58",13.35%,7.74%,17.37%,"25,448.48",20.18%,"2,591.79",21.66
Hospitals/Healthcare Facilities,43,Global,5,216,9.84%,"2,518.63","359,411.30",6.71%,-0.95%,15.27%,"11,462.85",14.93%,"13,712.76",30.11
Hotel/Gaming,44,Global,5,641,10.75%,"10,875.49","836,453.68",-14.75%,1.78%,NA,"7,513.31",6.77%,"31,109.77",742.45
Household Products,45,Global,5,568,15.52%,"26,600.94","1,687,777.96",16.80%,6.57%,19.93%,"63,383.47",11.36%,"16,956.45",152.64
Information Services,46,Global,5,244,8.94%,"10,221.69","2,048,169.58",13.12%,6.38%,-0.36%,"42,353.37",13.56%,"6,870.98",-62.83
Insurance (General),47,Global,5,220,5.02%,"18,616.66","794,534.43",7.20%,5.95%,-15.00%,"66,392.05",15.89%,"6,675.30",32.17
Insurance (Life),48,Global,5,133,1.04%,"39,202.16","1,215,088.87",7.89%,0.38%,63.24%,"112,654.97",14.94%,"8,935.66",0.00
Insurance (Prop/Cas.),49,Global,5,229,3.42%,"15,958.04","621,753.73",7.40%,3.82%,13.85%,"51,011.29",15.10%,"6,084.41",0.00
Investments & Asset Management,50,Global,5,1234,10.97%,"22,406.82","979,598.20",7.24%,8.75%,57.93%,"57,787.57",7.04%,"6,649.71",51.69
Machinery,51,Global,5,1385,9.78%,"18,855.24","1,531,686.41",7.47%,3.71%,48.14%,"54,339.60",15.45%,"31,633.42","1,022.69"
Metals & Mining,52,Global,5,1620,5.02%,"34,575.23","1,148,847.42",3.61%,11.38%,88.51%,"62,355.71",3.72%,"70,885.77",512.40
Office Equipment & Services,53,Global,5,148,10.87%,903.48,"53,130.68",6.87%,4.82%,1.65%,"2,581.74",15.80%,"1,154.29",-32.52
Oil/Gas (Integrated),54,Global,5,49,1.45%,"154,195.79","3,297,448.59",-1.43%,-7.05%,-17.52%,"158,612.60",14.61%,"280,644.86",31.82
Oil/Gas (Production and Exploration),55,Global,5,765,4.75%,"19,786.66","527,156.70",-21.04%,-8.70%,NA,"28,847.02",3.25%,"96,284.37",155.37
Oil/Gas Distribution,56,Global,5,204,7.01%,"38,926.07","497,004.72",5.25%,9.58%,42.13%,"37,436.88",10.02%,"58,169.67",-11.65
Oilfield Svcs/Equip.,57,Global,5,513,6.91%,"17,796.48","730,982.78",-12.48%,4.22%,90.28%,"24,715.21",7.13%,"64,005.22",140.59
Packaging & Container,58,Global,5,412,12.06%,"6,332.32","349,436.70",10.06%,9.03%,28.17%,"16,629.92",15.87%,"17,209.49",137.52
Paper/Forest Products,59,Global,5,287,6.52%,"3,975.90","214,936.59",4.96%,13.44%,17.01%,"15,007.22",12.52%,"14,343.21",59.63
Power,60,Global,5,553,4.28%,"85,123.93","2,245,672.31",7.31%,6.70%,85.25%,"161,658.64",17.18%,"297,216.58",619.23
Precious Metals,61,Global,5,922,3.92%,"6,781.81","595,216.64",7.86%,28.77%,78.16%,"33,125.66",3.95%,"25,095.17",51.96
Publishing & Newspapers,62,Global,5,349,9.91%,"2,938.13","142,686.90",-0.76%,5.79%,40.75%,"5,408.17",11.90%,"4,352.04",22.03
R.E.I.T.,63,Global,5,799,1.73%,"75,987.97","2,038,655.09",0.80%,9.38%,-1.00%,"63,008.44",2.40%,"13,544.49",0.19
Real Estate (Development),64,Global,5,890,15.61%,"59,058.23","804,167.96",10.44%,5.82%,103.72%,"184,005.12",16.19%,"28,622.19",168.20
Real Estate (General/Diversified),65,Global,5,364,12.06%,"16,635.86","431,915.02",3.90%,0.68%,136.57%,"40,340.17",15.20%,"25,039.33",12.09
Real Estate (Operations & Services),66,Global,5,720,11.47%,"12,608.05","757,800.89",5.08%,11.04%,36.32%,"49,807.01",14.49%,"6,552.51",194.91
Recreation,67,Global,5,331,10.13%,"4,572.96","352,139.05",2.79%,1.92%,144.74%,"9,710.47",11.83%,"8,241.13",128.33
Reinsurance,68,Global,5,37,0.85%,"4,721.21","148,650.12",3.34%,-2.14%,25.39%,"8,350.64",10.77%,394.90,0.00
Restaurant/Dining,69,Global,5,379,10.88%,"10,505.28","711,441.81",5.17%,-2.86%,34.96%,"15,147.40",7.80%,"13,455.46",2.51
Retail (Automotive),70,Global,5,185,10.91%,"3,238.31","247,886.39",13.99%,1.87%,0.39%,"15,486.51",17.27%,"8,543.60",-4.97
Retail (Building Supply),71,Global,5,90,6.43%,"9,367.05","524,344.15",55.16%,11.26%,-25.48%,"30,335.60",20.87%,"6,694.76",1.18
Retail (Distributors),72,Global,5,1022,12.15%,"18,807.61","693,850.10",5.73%,8.02%,42.86%,"48,689.69",15.29%,"43,082.75",46.38
Retail (General),73,Global,5,217,8.59%,"18,869.86","1,256,249.70",9.99%,-0.50%,-15.30%,"64,042.51",17.65%,"40,102.94",2.50
Retail (Grocery and Food),74,Global,5,171,8.40%,"10,376.65","502,158.57",11.41%,6.94%,24.83%,"34,833.12",20.60%,"30,698.67",1.84
Retail (Online),75,Global,5,356,13.97%,"2,303.74","3,958,983.00",14.89%,13.98%,98.20%,"67,729.74",10.22%,"50,471.13","7,063.80"
Retail (Special Lines),76,Global,5,480,12.77%,"11,089.47","978,887.47",2.29%,5.07%,-101.36%,"29,516.75",13.85%,"15,615.54",36.26
Rubber& Tires,77,Global,5,92,8.24%,"2,595.63","122,039.26",2.65%,-5.31%,-12.49%,"6,357.81",16.89%,"7,556.89",-447.25
Semiconductor,78,Global,5,565,8.13%,"36,216.24","3,011,519.36",16.89%,7.34%,101.66%,"94,783.20",9.15%,"82,634.76","4,836.66"
Semiconductor Equip,79,Global,5,308,11.52%,"6,734.50","818,198.24",21.38%,12.38%,38.20%,"26,939.75",13.24%,"8,849.06","1,126.55"
Shipbuilding & Marine,80,Global,5,353,7.44%,"8,402.29","357,153.93",5.68%,-2.62%,42.72%,"23,253.17",13.08%,"26,376.48",59.03
Shoe,81,Global,5,79,7.23%,"2,582.98","346,839.60",9.95%,-3.39%,-39.76%,"6,191.44",10.80%,"1,580.88",27.25
Software (Entertainment),82,Global,5,339,15.55%,"3,110.66","3,313,507.82",18.42%,17.82%,51.13%,"102,180.17",9.18%,"45,409.70","7,167.25"
Software (Internet),83,Global,5,155,14.96%,406.87,"507,300.57",-5.64%,21.45%,414.73%,"2,638.97",10.34%,"4,910.83",607.83
Software (System & Application),84,Global,5,1478,11.27%,"27,054.70","5,076,162.11",20.37%,11.75%,43.79%,"111,199.97",8.34%,"28,957.08","8,287.29"
Steel,85,Global,5,718,9.73%,"22,430.19","727,438.43",2.44%,8.11%,50.37%,"42,528.71",12.53%,"63,520.98",989.84
Telecom (Wireless),86,Global,5,104,5.59%,"32,392.09","986,162.82",8.19%,5.62%,-22.91%,"76,064.24",17.05%,"77,081.65",-605.91
Telecom. Equipment,87,Global,5,482,10.64%,"9,303.52","598,961.20",10.42%,8.00%,28.78%,"26,225.54",8.17%,"8,813.11",670.88
Telecom. Services,88,Global,5,315,10.01%,"49,674.51","1,506,669.75",8.78%,8.34%,-22.88%,"124,170.35",13.01%,"169,329.31",-84.44
Tobacco,89,Global,5,57,8.89%,"28,398.42","491,815.93",19.35%,3.72%,-8.74%,"39,294.57",16.81%,"4,358.94",96.57
Transportation,90,Global,5,284,13.08%,"14,699.32","731,615.90",8.26%,2.71%,21.49%,"35,289.84",17.01%,"29,996.18",177.23
Transportation (Railroads),91,Global,5,53,0.28%,"13,038.18","764,603.62",5.66%,-1.47%,112.09%,"29,982.99",15.97%,"42,171.96",99.30
Trucking,92,Global,5,217,7.73%,"1,928.37","278,709.48",-5.76%,3.51%,-726.78%,"9,309.16",16.66%,"5,574.29","-2,182.46"
Utility (General),93,Global,5,53,1.32%,"19,703.13","592,683.30",5.49%,4.93%,107.97%,"29,643.79",18.96%,"68,140.63",-3.73
Utility (Water),94,Global,5,104,4.94%,"4,567.43","137,842.05",6.30%,5.20%,172.58%,"9,011.33",16.43%,"11,731.32",19.69
Total Market,95,Global,5,46580,9.40%,"1,994,752.44","106,490,745.85",6.30%,7.24%,47.93%,"5,247,469.15",11.77%,"3,342,880.92","82,314.06"
Total Market (without financials),96,Global,5,41623,9.71%,"1,594,531.12","92,750,377.71",5.54%,7.06%,46.14%,"3,921,689.62",11.52%,"3,178,230.16","82,090.30"